chm,spos,epos,sgpos,egpos,nsnps,SM874.0,SM874.1,SM273.0,SM273.1,SM19.0,SM19.1,SM52.0,SM52.1
22,17075353,17718606,1.78,3.81,67,1,1,0,0,0,1,1,0
22,17718606,17981045,3.81,5.42,40,1,1,0,0,0,1,1,0
22,17981045,18637050,5.42,7.23,135,1,1,0,0,0,1,1,0
22,18637050,19696856,7.23,10.29,100,1,1,0,0,0,1,1,0
22,19696856,20249421,10.29,11.58,65,1,1,0,1,0,1,1,0
22,20249421,20978672,11.58,14.34,35,1,1,0,1,0,1,0,0
22,20978672,21458772,14.34,15.55,55,1,1,0,1,0,1,0,0
22,21458772,22394227,15.55,16.74,65,0,1,0,1,2,1,0,0
22,22394227,22599705,16.74,17.51,80,0,1,0,0,2,1,0,1
22,22599705,23244269,17.51,19.71,15,0,1,2,0,2,1,0,1
22,23244269,23923425,19.71,21.34,65,0,1,2,0,2,1,0,1
22,23923425,24451035,21.34,22.3,50,0,1,2,0,2,1,0,1
22,24451035,25374503,22.3,23.33,85,0,1,2,0,0,1,0,1
22,25374503,25664408,23.33,24.27,60,0,1,2,0,0,1,0,1
22,25664408,26277555,24.27,25.23,75,0,1,2,0,0,1,0,1
22,26277555,26369358,25.23,25.78,20,0,1,2,0,0,1,0,1
22,26369358,26463024,25.78,26.19,25,0,1,0,0,0,1,0,1
22,26463024,26792576,26.19,27.23,75,0,1,0,0,0,1,0,1
22,26792576,27192460,27.23,28,85,0,1,0,0,0,1,0,1
22,26792577,27192461,28.23,29,86,0,1,0,0,0,1,0,1
